timestamp,node_name,metric_source,cpu_utilization_percent,total_cpu_assigned,machine_cpu_cores,memory_utilization_percent,memory_utilization_bytes,memory_assigned_bytes,machine_memory_total_bytes,cpu_core_watts,cpu_package_watts,memory_power_watts,platform_watts,energy_watts,created_at
1754907399,minikube,prometheus-kepler,34.58,2,11,15.15,2497359872,16485085184,16485085184,147.7528,147.7528,18.7247,82.5731,249.0507,2025-08-11 10:16:39.502566+00
1754907459,minikube,prometheus-kepler,32.64,2,11,15.26,2515357696,16485085184,16485085184,147.688,147.688,18.7229,82.2661,248.677,2025-08-11 10:17:39.618084+00
1754907519,minikube,prometheus-kepler,31.84,2,11,15.3,2522988544,16485085184,16485085184,147.6635,147.6635,18.7221,82.1515,248.5371,2025-08-11 10:18:39.699991+00
1754907579,minikube,prometheus-kepler,30.5,2,11,15.39,2536615936,16485085184,16485085184,147.6225,147.6225,18.7211,81.9506,248.2942,2025-08-11 10:19:39.817497+00
1754907639,minikube,prometheus-kepler,29.31,2,11,15.42,2542362624,16485085184,16485085184,147.5902,147.5902,18.7203,81.7958,248.1062,2025-08-11 10:20:39.916172+00
1754907699,minikube,prometheus-kepler,28.45,2,11,15.45,2547118080,16485085184,16485085184,147.5751,147.5751,18.7194,81.7418,248.0363,2025-08-11 10:21:40.025109+00
1754907760,minikube,prometheus-kepler,28.61,2,11,15.41,2541101056,16485085184,16485085184,147.5715,147.5715,18.7197,81.7064,247.9976,2025-08-11 10:22:40.108154+00
1754907820,minikube,prometheus-kepler,28.8,2,11,15.43,2543267840,16485085184,16485085184,147.5791,147.5791,18.7199,81.7431,248.0422,2025-08-11 10:23:40.21553+00
1754907880,minikube,prometheus-kepler,29.15,2,11,15.44,2545328128,16485085184,16485085184,147.5914,147.5914,18.7203,81.8016,248.1133,2025-08-11 10:24:40.320511+00
1754907940,minikube,prometheus-kepler,28.99,2,11,15.47,2551017472,16485085184,16485085184,147.5879,147.5879,18.7205,81.7718,248.0801,2025-08-11 10:25:40.403029+00
1754908000,minikube,prometheus-kepler,28.94,2,11,15.47,2549547008,16485085184,16485085184,147.5737,147.5737,18.7198,81.717,248.0104,2025-08-11 10:26:40.607051+00
1754908060,minikube,prometheus-kepler,28.92,2,11,15.51,2556940288,16485085184,16485085184,147.5819,147.5819,18.72,81.7616,248.0635,2025-08-11 10:27:40.725034+00
1754908120,minikube,prometheus-kepler,29.9,2,11,15.59,2570326016,16485085184,16485085184,147.6133,147.6133,18.7207,81.9145,248.2485,2025-08-11 10:28:40.777458+00
1754908180,minikube,prometheus-kepler,30.59,2,11,15.85,2612367360,16485085184,16485085184,147.6216,147.6216,18.7213,81.9411,248.284,2025-08-11 10:29:40.915933+00
1754908240,minikube,prometheus-kepler,31.15,2,11,15.84,2610761728,16485085184,16485085184,147.6285,147.6285,18.7212,81.9869,248.3365,2025-08-11 10:30:40.977823+00
1754908300,minikube,prometheus-kepler,32.06,2,11,15.86,2614595584,16485085184,16485085184,147.654,147.654,18.722,82.101,248.477,2025-08-11 10:31:41.040501+00
1754908361,minikube,prometheus-kepler,31.64,2,11,15.82,2607820800,16485085184,16485085184,147.6417,147.6417,18.7219,82.0342,248.3977,2025-08-11 10:32:41.305597+00
1754908421,minikube,prometheus-kepler,34.03,2,11,15.8,2604576768,16485085184,16485085184,147.7476,147.7476,18.7245,82.5537,249.0258,2025-08-11 10:33:41.521636+00
1754908481,minikube,prometheus-kepler,35.21,2,11,15.8,2605441024,16485085184,16485085184,147.7971,147.7971,18.7261,82.7772,249.3005,2025-08-11 10:34:41.807504+00
1754908541,minikube,prometheus-kepler,36.91,2,11,15.83,2609586176,16485085184,16485085184,147.8639,147.8639,18.7279,83.0994,249.6913,2025-08-11 10:35:42.128679+00
1754908602,minikube,prometheus-kepler,34.21,2,11,15.87,2615406592,16485085184,16485085184,147.9542,147.9542,18.7303,83.536,250.2205,2025-08-11 10:36:42.923481+00
1754908662,minikube,prometheus-kepler,33.99,2,11,15.66,2582110208,16485085184,16485085184,147.9371,147.9371,18.7299,83.4494,250.1165,2025-08-11 10:37:43.122054+00
1754908723,minikube,prometheus-kepler,38.7,2,11,15.66,2581078016,16485085184,16485085184,147.938,147.938,18.7297,83.4638,250.1315,2025-08-11 10:38:43.216981+00
1754908783,minikube,prometheus-kepler,36.84,2,11,15.55,2563940352,16485085184,16485085184,147.8554,147.8554,18.7275,83.0638,249.6467,2025-08-11 10:39:43.317985+00
1754908843,minikube,prometheus-kepler,33.29,2,11,15.55,2564009984,16485085184,16485085184,147.7601,147.7601,18.7249,82.6081,249.093,2025-08-11 10:40:43.420882+00
1754908903,minikube,prometheus-kepler,31.92,2,11,15.65,2579099648,16485085184,16485085184,147.6967,147.6967,18.7229,82.3157,248.7353,2025-08-11 10:41:43.838752+00
1754908963,minikube,prometheus-kepler,33.47,2,11,15.73,2592354304,16485085184,16485085184,147.7491,147.7491,18.7248,82.5505,249.0244,2025-08-11 10:42:44.023542+00
1754909024,minikube,prometheus-kepler,36.23,2,11,15.79,2603483136,16485085184,16485085184,147.8056,147.8056,18.7264,82.8184,249.3504,2025-08-11 10:43:44.100589+00
1754909084,minikube,prometheus-kepler,36.59,2,11,15.85,2612391936,16485085184,16485085184,147.8217,147.8217,18.7265,82.9082,249.4564,2025-08-11 10:44:44.218783+00
1754909144,minikube,prometheus-kepler,35.96,2,11,15.81,2606616576,16485085184,16485085184,147.8391,147.8391,18.7273,82.9757,249.5421,2025-08-11 10:45:44.407542+00
1754909204,minikube,prometheus-kepler,33.84,2,11,15.83,2609176576,16485085184,16485085184,147.7577,147.7577,18.7246,82.6044,249.0867,2025-08-11 10:46:44.507854+00
1754909264,minikube,prometheus-kepler,33.95,2,11,15.8,2605457408,16485085184,16485085184,147.7246,147.7246,18.7238,82.446,248.8943,2025-08-11 10:47:44.721171+00
1754909324,minikube,prometheus-kepler,33.06,2,11,15.82,2608549888,16485085184,16485085184,147.7168,147.7168,18.7238,82.3957,248.8362,2025-08-11 10:48:44.900186+00
1754909384,minikube,prometheus-kepler,31.9,2,11,15.68,2584993792,16485085184,16485085184,147.669,147.669,18.7224,82.173,248.5644,2025-08-11 10:49:45.012136+00
1754909445,minikube,prometheus-kepler,30.32,2,11,15.79,2602266624,16485085184,16485085184,147.6358,147.6358,18.7216,82.0062,248.3636,2025-08-11 10:50:45.109206+00
1754909505,minikube,prometheus-kepler,29.96,2,11,15.73,2593837056,16485085184,16485085184,147.5981,147.5981,18.7204,81.8336,248.152,2025-08-11 10:51:45.222572+00
1754909565,minikube,prometheus-kepler,29.63,2,11,15.77,2599309312,16485085184,16485085184,147.5889,147.5889,18.7198,81.808,248.1167,2025-08-11 10:52:45.278293+00
1754909625,minikube,prometheus-kepler,30.53,2,11,15.78,2601488384,16485085184,16485085184,147.6267,147.6267,18.7212,81.9705,248.3184,2025-08-11 10:53:45.512939+00
1754909685,minikube,prometheus-kepler,27.92,2,11,15.86,2615234560,16485085184,16485085184,147.6914,147.6914,18.7231,82.2801,248.6946,2025-08-11 10:54:45.625931+00
1754909745,minikube,prometheus-kepler,28.27,2,11,15.86,2614910976,16485085184,16485085184,147.6887,147.6887,18.7228,82.2747,248.6862,2025-08-11 10:55:45.703426+00
1754909805,minikube,prometheus-kepler,27.48,2,11,15.82,2608021504,16485085184,16485085184,147.6592,147.6592,18.7225,82.108,248.4897,2025-08-11 10:56:45.805071+00
1754909865,minikube,prometheus-kepler,26.51,2,11,15.74,2595565568,16485085184,16485085184,147.6129,147.6129,18.7207,81.9124,248.2459,2025-08-11 10:57:45.925259+00
1754909925,minikube,prometheus-kepler,28.07,2,11,15.87,2616590336,16485085184,16485085184,147.537,147.537,18.7187,81.5419,247.7976,2025-08-11 10:58:45.987552+00
1754909986,minikube,prometheus-kepler,28.55,2,11,15.92,2623791104,16485085184,16485085184,147.5361,147.5361,18.7186,81.5402,247.795,2025-08-11 10:59:46.1312+00
1754910046,minikube,prometheus-kepler,29.06,2,11,15.96,2631380992,16485085184,16485085184,147.5586,147.5586,18.7192,81.653,247.9308,2025-08-11 11:00:46.202013+00
1754910106,minikube,prometheus-kepler,29.51,2,11,15.97,2632916992,16485085184,16485085184,147.565,147.565,18.7197,81.6679,247.9527,2025-08-11 11:01:46.323377+00
1754910166,minikube,prometheus-kepler,29.76,2,11,16,2637266944,16485085184,16485085184,147.579,147.579,18.72,81.7426,248.0415,2025-08-11 11:02:46.504091+00
1754910226,minikube,prometheus-kepler,29.77,2,11,16.06,2646687744,16485085184,16485085184,147.5991,147.5991,18.7206,81.836,248.1557,2025-08-11 11:03:46.588172+00
1754910286,minikube,prometheus-kepler,29.64,2,11,16.05,2646020096,16485085184,16485085184,147.5853,147.5853,18.7202,81.77,248.0755,2025-08-11 11:04:46.628717+00
1754910346,minikube,prometheus-kepler,28.02,2,11,15.95,2629009408,16485085184,16485085184,147.5799,147.5799,18.7198,81.7548,248.0545,2025-08-11 11:05:46.836823+00
1754910406,minikube,prometheus-kepler,26.38,2,11,15.93,2625404928,16485085184,16485085184,147.5687,147.5687,18.7179,81.7684,248.055,2025-08-11 11:06:47.050205+00
1754910467,minikube,prometheus-kepler,25.05,2,11,15.9,2621263872,16485085184,16485085184,147.5515,147.5515,18.7175,81.6837,247.9527,2025-08-11 11:07:47.152497+00
1754910527,minikube,prometheus-kepler,24.73,2,11,15.93,2625748992,16485085184,16485085184,147.5453,147.5453,18.7172,81.6593,247.9218,2025-08-11 11:08:47.73512+00
1754910587,minikube,prometheus-kepler,25.36,2,11,15.97,2633478144,16485085184,16485085184,147.5604,147.5604,18.7175,81.7342,248.0122,2025-08-11 11:09:47.954872+00
1754910647,minikube,prometheus-kepler,25.5,2,11,15.97,2632085504,16485085184,16485085184,147.5736,147.5736,18.7198,81.7166,248.01,2025-08-11 11:10:48.041028+00
1754910708,minikube,prometheus-kepler,25.7,2,11,15.96,2630819840,16485085184,16485085184,147.576,147.576,18.7198,81.731,248.0268,2025-08-11 11:11:48.136513+00
1754910768,minikube,prometheus-kepler,26.14,2,11,15.89,2619645952,16485085184,16485085184,147.5892,147.5892,18.7203,81.7885,248.0979,2025-08-11 11:12:48.246762+00
1754910828,minikube,prometheus-kepler,25.55,2,11,15.98,2634797056,16485085184,16485085184,147.6007,147.6007,18.7204,81.8541,248.1751,2025-08-11 11:13:48.341625+00
1754910888,minikube,prometheus-kepler,25.55,2,11,16.01,2639220736,16485085184,16485085184,147.5883,147.5883,18.72,81.7979,248.1062,2025-08-11 11:14:48.541644+00
1754910948,minikube,prometheus-kepler,26.02,2,11,15.98,2635071488,16485085184,16485085184,147.5976,147.5976,18.7205,81.8318,248.1499,2025-08-11 11:15:48.664844+00
1754911008,minikube,prometheus-kepler,25.96,2,11,16,2637578240,16485085184,16485085184,147.6091,147.6091,18.7208,81.8866,248.2165,2025-08-11 11:16:48.745114+00
1754911068,minikube,prometheus-kepler,26.29,2,11,15.98,2634313728,16485085184,16485085184,147.6,147.6,18.7209,81.8278,248.1487,2025-08-11 11:17:48.950684+00
1754911128,minikube,prometheus-kepler,25.59,2,11,15.99,2635689984,16485085184,16485085184,147.6174,147.6174,18.7211,81.9213,248.2599,2025-08-11 11:18:49.148782+00
1754911189,minikube,prometheus-kepler,24.16,2,11,16.02,2640953344,16485085184,16485085184,147.5843,147.5843,18.72,81.7679,248.0722,2025-08-11 11:19:49.441125+00
1754911249,minikube,prometheus-kepler,23.57,2,11,16,2638331904,16485085184,16485085184,147.5402,147.5402,18.7188,81.56,247.819,2025-08-11 11:20:49.542453+00
1754911309,minikube,prometheus-kepler,23.13,2,11,15.99,2636357632,16485085184,16485085184,147.5251,147.5251,18.7183,81.4875,247.731,2025-08-11 11:21:50.047877+00
1754911370,minikube,prometheus-kepler,24.06,2,11,16.04,2644164608,16485085184,16485085184,147.5112,147.5112,18.7178,81.4261,247.6551,2025-08-11 11:22:50.25913+00
1754911430,minikube,prometheus-kepler,24.94,2,11,15.98,2633637888,16485085184,16485085184,147.5371,147.5371,18.7186,81.5499,247.8055,2025-08-11 11:23:50.461494+00
1754911490,minikube,prometheus-kepler,25.38,2,11,16.03,2641776640,16485085184,16485085184,147.5677,147.5677,18.7196,81.6913,247.9786,2025-08-11 11:24:50.542594+00
1754911550,minikube,prometheus-kepler,25.99,2,11,16.04,2644439040,16485085184,16485085184,147.581,147.581,18.7198,81.7627,248.0635,2025-08-11 11:25:50.639596+00
1754911610,minikube,prometheus-kepler,25.96,2,11,16.03,2642096128,16485085184,16485085184,147.5993,147.5993,18.7207,81.8318,248.1519,2025-08-11 11:26:50.74966+00
1754911670,minikube,prometheus-kepler,26.03,2,11,16.02,2641485824,16485085184,16485085184,147.5992,147.5992,18.7207,81.831,248.1509,2025-08-11 11:27:50.841039+00
1754911730,minikube,prometheus-kepler,26.22,2,11,16.02,2640109568,16485085184,16485085184,147.5955,147.5955,18.7204,81.8238,248.1396,2025-08-11 11:28:51.06395+00
1754911791,minikube,prometheus-kepler,26.2,2,11,16.05,2645450752,16485085184,16485085184,147.6035,147.6035,18.7205,81.8647,248.1887,2025-08-11 11:29:51.118897+00
1754911851,minikube,prometheus-kepler,26.52,2,11,16.04,2643681280,16485085184,16485085184,147.6024,147.6024,18.7205,81.8568,248.1797,2025-08-11 11:30:51.261452+00
1754911911,minikube,prometheus-kepler,26.92,2,11,16.03,2643136512,16485085184,16485085184,147.6202,147.6202,18.7211,81.9398,248.2812,2025-08-11 11:31:51.566542+00
1754911971,minikube,prometheus-kepler,27.44,2,11,16.07,2649231360,16485085184,16485085184,147.6381,147.6381,18.7217,82.0199,248.3796,2025-08-11 11:32:51.657645+00
1754912031,minikube,prometheus-kepler,26.25,2,11,16.04,2644705280,16485085184,16485085184,147.654,147.654,18.7218,82.1091,248.4849,2025-08-11 11:33:51.74776+00
1754912091,minikube,prometheus-kepler,24.92,2,11,16,2636816384,16485085184,16485085184,147.574,147.574,18.7198,81.7184,248.0122,2025-08-11 11:34:51.849524+00
1754912151,minikube,prometheus-kepler,24.17,2,11,16.07,2648961024,16485085184,16485085184,147.5392,147.5392,18.7186,81.5625,247.8203,2025-08-11 11:35:51.944175+00
1754912211,minikube,prometheus-kepler,22.97,2,11,16.05,2645549056,16485085184,16485085184,147.4967,147.4967,18.7177,81.349,247.5634,2025-08-11 11:36:52.161083+00
1754912272,minikube,prometheus-kepler,23.45,2,11,16.1,2653966336,16485085184,16485085184,147.5332,147.5332,18.7201,81.4612,247.7145,2025-08-11 11:37:52.253141+00
1754912332,minikube,prometheus-kepler,23.92,2,11,16.11,2655064064,16485085184,16485085184,147.5276,147.5276,18.7185,81.4969,247.743,2025-08-11 11:38:52.436831+00
1754912392,minikube,prometheus-kepler,24.24,2,11,16.12,2657898496,16485085184,16485085184,147.5453,147.5453,18.7191,81.5761,247.8405,2025-08-11 11:39:52.563707+00
1754912452,minikube,prometheus-kepler,24.43,2,11,16.15,2662940672,16485085184,16485085184,147.5563,147.5563,18.7197,81.6131,247.8891,2025-08-11 11:40:52.737328+00
1754912512,minikube,prometheus-kepler,24.66,2,11,16.19,2669678592,16485085184,16485085184,147.5525,147.5525,18.719,81.6209,247.8924,2025-08-11 11:41:52.950346+00
1754912572,minikube,prometheus-kepler,25,2,11,16.18,2666893312,16485085184,16485085184,147.5738,147.5738,18.7196,81.7254,248.0187,2025-08-11 11:42:53.047957+00
1754912633,minikube,prometheus-kepler,24.98,2,11,16.22,2674450432,16485085184,16485085184,147.5638,147.5638,18.719,81.6905,247.9733,2025-08-11 11:43:53.158683+00
1754912693,minikube,prometheus-kepler,25.07,2,11,16.23,2674937856,16485085184,16485085184,147.575,147.575,18.7194,81.7387,248.0331,2025-08-11 11:44:53.470154+00
1754912753,minikube,prometheus-kepler,25.37,2,11,16.2,2669834240,16485085184,16485085184,147.5947,147.5947,18.7204,81.8149,248.13,2025-08-11 11:45:53.751271+00
1754912813,minikube,prometheus-kepler,25.46,2,11,16.16,2663309312,16485085184,16485085184,147.5875,147.5875,18.72,81.7881,248.0956,2025-08-11 11:46:53.851102+00
1754912873,minikube,prometheus-kepler,26.09,2,11,16.18,2667180032,16485085184,16485085184,147.6243,147.6243,18.7217,81.9329,248.279,2025-08-11 11:47:54.051009+00
1754912934,minikube,prometheus-kepler,25.9,2,11,16.19,2668855296,16485085184,16485085184,147.6044,147.6044,18.7211,81.843,248.1685,2025-08-11 11:48:54.151743+00
1754912994,minikube,prometheus-kepler,25.12,2,11,16.2,2671054848,16485085184,16485085184,147.573,147.573,18.7199,81.7061,247.9991,2025-08-11 11:49:54.258473+00
1754913054,minikube,prometheus-kepler,24.94,2,11,16.18,2666557440,16485085184,16485085184,147.5671,147.5671,18.7199,81.6724,247.9594,2025-08-11 11:50:54.346327+00
1754913114,minikube,prometheus-kepler,24.32,2,11,16.25,2679427072,16485085184,16485085184,147.5415,147.5415,18.719,81.5604,247.8209,2025-08-11 11:51:54.534589+00
1754913174,minikube,prometheus-kepler,24.87,2,11,16.27,2682191872,16485085184,16485085184,147.5646,147.5646,18.7195,81.674,247.9581,2025-08-11 11:52:54.742687+00
1754913234,minikube,prometheus-kepler,25.19,2,11,16.25,2679246848,16485085184,16485085184,147.5728,147.5728,18.7196,81.7181,248.0106,2025-08-11 11:53:55.045909+00
1754913295,minikube,prometheus-kepler,25.16,2,11,16.24,2676768768,16485085184,16485085184,147.5755,147.5755,18.7198,81.7257,248.021,2025-08-11 11:54:55.232862+00
1754913355,minikube,prometheus-kepler,25.37,2,11,16.29,2685026304,16485085184,16485085184,147.5775,147.5775,18.7198,81.7353,248.0326,2025-08-11 11:55:55.536385+00
1754913415,minikube,prometheus-kepler,25.32,2,11,16.25,2679549952,16485085184,16485085184,147.5809,147.5809,18.7199,81.7542,248.0549,2025-08-11 11:56:55.73408+00
1754913475,minikube,prometheus-kepler,25.86,2,11,16.27,2682155008,16485085184,16485085184,147.6051,147.6051,18.7207,81.8649,248.1907,2025-08-11 11:57:55.965064+00
1754913535,minikube,prometheus-kepler,25.89,2,11,16.29,2684649472,16485085184,16485085184,147.6035,147.6035,18.7205,81.8651,248.1891,2025-08-11 11:58:56.040658+00
1754913596,minikube,prometheus-kepler,29.58,2,11,16.28,2683269120,16485085184,16485085184,147.7152,147.7152,18.7236,82.3992,248.838,2025-08-11 11:59:56.559457+00
1754913656,minikube,prometheus-kepler,32.19,2,11,16.3,2687340544,16485085184,16485085184,147.7791,147.7791,18.7254,82.7045,249.209,2025-08-11 12:00:56.862342+00
1754913716,minikube,prometheus-kepler,36.79,2,11,16.39,2702454784,16485085184,16485085184,147.8994,147.8994,18.7287,83.2794,249.9075,2025-08-11 12:01:56.953102+00
1754913776,minikube,prometheus-kepler,40.48,2,11,16.43,2708381696,16485085184,16485085184,148.0023,148.0023,18.7317,83.7636,250.4976,2025-08-11 12:02:57.246185+00
1754913837,minikube,prometheus-kepler,40.03,2,11,16.4,2703577088,16485085184,16485085184,147.9662,147.9662,18.7306,83.5936,250.2904,2025-08-11 12:03:57.3447+00
1754913897,minikube,prometheus-kepler,39.97,2,11,16.25,2678505472,16485085184,16485085184,147.9603,147.9603,18.7305,83.5655,250.2563,2025-08-11 12:04:57.628822+00
1754913957,minikube,prometheus-kepler,38.88,2,11,16.32,2691108864,16485085184,16485085184,147.9306,147.9306,18.7299,83.4129,250.0733,2025-08-11 12:05:57.752434+00
1754914017,minikube,prometheus-kepler,38.41,2,11,16.36,2697273344,16485085184,16485085184,147.929,147.929,18.7295,83.4185,250.0771,2025-08-11 12:06:58.049854+00
1754914078,minikube,prometheus-kepler,39.15,2,11,16.35,2695790592,16485085184,16485085184,147.9555,147.9555,18.7302,83.5475,250.2332,2025-08-11 12:07:58.150855+00
1754914138,minikube,prometheus-kepler,40.06,2,11,16.33,2692743168,16485085184,16485085184,148.0069,148.0069,18.7318,83.7831,250.5219,2025-08-11 12:08:58.2573+00
1754914198,minikube,prometheus-kepler,40.87,2,11,16.34,2692952064,16485085184,16485085184,148.0367,148.0367,18.7324,83.9386,250.7077,2025-08-11 12:09:58.554127+00
1754914258,minikube,prometheus-kepler,41.77,2,11,16.34,2693132288,16485085184,16485085184,148.0465,148.0465,18.7331,83.9673,250.747,2025-08-11 12:10:58.743256+00
1754914318,minikube,prometheus-kepler,41.64,2,11,16.39,2701389824,16485085184,16485085184,148.0443,148.0443,18.7332,83.9513,250.7288,2025-08-11 12:11:59.031128+00
1754914379,minikube,prometheus-kepler,40.45,2,11,16.4,2703388672,16485085184,16485085184,147.9939,147.9939,18.7316,83.7208,250.4463,2025-08-11 12:12:59.235+00
1754914439,minikube,prometheus-kepler,38.7,2,11,16.42,2706706432,16485085184,16485085184,147.9155,147.9155,18.7276,83.4215,250.0646,2025-08-11 12:13:59.34828+00
1754914499,minikube,prometheus-kepler,39.99,2,11,16.42,2707316736,16485085184,16485085184,147.9766,147.9766,18.7309,83.646,250.3535,2025-08-11 12:14:59.555181+00
1754914559,minikube,prometheus-kepler,41.4,2,11,16.39,2702655488,16485085184,16485085184,148.0312,148.0312,18.7324,83.9043,250.6679,2025-08-11 12:15:59.745177+00
1754914619,minikube,prometheus-kepler,42.05,2,11,16.27,2682281984,16485085184,16485085184,148.0674,148.0674,18.7334,84.0804,250.8812,2025-08-11 12:16:59.963771+00
1754914679,minikube,prometheus-kepler,42.61,2,11,16.35,2695708672,16485085184,16485085184,148.0973,148.0973,18.736,84.1449,250.9782,2025-08-11 12:18:00.040322+00
1754914740,minikube,prometheus-kepler,40.14,2,11,16.43,2707771392,16485085184,16485085184,147.9922,147.9922,18.7316,83.7072,250.431,2025-08-11 12:19:00.132393+00
1754914800,minikube,prometheus-kepler,36.69,2,11,16.43,2708676608,16485085184,16485085184,147.8699,147.8699,18.728,83.1331,249.731,2025-08-11 12:20:00.24033+00
1754914860,minikube,prometheus-kepler,34.66,2,11,16.33,2691678208,16485085184,16485085184,147.7903,147.7903,18.7258,82.7526,249.2687,2025-08-11 12:21:00.338045+00
1754914920,minikube,prometheus-kepler,32.97,2,11,16.47,2715553792,16485085184,16485085184,147.7388,147.7388,18.7244,82.5064,248.9696,2025-08-11 12:22:00.445354+00
1754914980,minikube,prometheus-kepler,34.42,2,11,16.5,2720112640,16485085184,16485085184,147.8084,147.8084,18.7261,82.8469,249.3813,2025-08-11 12:23:00.548406+00
1754915040,minikube,prometheus-kepler,35.07,2,11,16.49,2718326784,16485085184,16485085184,147.8251,147.8251,18.7266,82.9245,249.4763,2025-08-11 12:24:00.635678+00
1754915100,minikube,prometheus-kepler,35.58,2,11,16.48,2717212672,16485085184,16485085184,147.8298,147.8298,18.7269,82.9392,249.4959,2025-08-11 12:25:00.748914+00
1754915160,minikube,prometheus-kepler,36.42,2,11,16.5,2720575488,16485085184,16485085184,147.8604,147.8604,18.7278,83.0828,249.671,2025-08-11 12:26:00.860666+00
1754915220,minikube,prometheus-kepler,34.24,2,11,16.47,2715181056,16485085184,16485085184,147.7661,147.7661,18.725,82.6426,249.1337,2025-08-11 12:27:00.950411+00
1754915280,minikube,prometheus-kepler,33.58,2,11,16.52,2722922496,16485085184,16485085184,147.7579,147.7579,18.725,82.5929,249.0758,2025-08-11 12:28:01.356532+00
1754915341,minikube,prometheus-kepler,34.18,2,11,16.46,2712981504,16485085184,16485085184,147.8023,147.8023,18.7264,82.7972,249.3259,2025-08-11 12:29:01.455432+00
1754915401,minikube,prometheus-kepler,34.34,2,11,16.46,2712756224,16485085184,16485085184,147.791,147.791,18.7256,82.7614,249.2781,2025-08-11 12:30:01.54048+00
1754915461,minikube,prometheus-kepler,34.43,2,11,16.39,2702442496,16485085184,16485085184,147.7789,147.7789,18.7255,82.6954,249.1998,2025-08-11 12:31:01.738135+00
1754915521,minikube,prometheus-kepler,35.72,2,11,16.48,2717306880,16485085184,16485085184,147.8209,147.8209,18.7265,82.904,249.4513,2025-08-11 12:32:02.053257+00
1754915582,minikube,prometheus-kepler,35.9,2,11,16.53,2724429824,16485085184,16485085184,147.7986,147.7986,18.7256,82.808,249.3322,2025-08-11 12:33:02.13028+00
1754915642,minikube,prometheus-kepler,36.02,2,11,16.56,2729115648,16485085184,16485085184,147.8434,147.8434,18.7273,83.0038,249.5745,2025-08-11 12:34:02.25122+00
1754915702,minikube,prometheus-kepler,37.48,2,11,16.64,2742960128,16485085184,16485085184,147.8888,147.8888,18.7285,83.2235,249.8408,2025-08-11 12:35:02.447939+00
1754915762,minikube,prometheus-kepler,36.92,2,11,16.51,2721193984,16485085184,16485085184,147.852,147.852,18.7276,83.0424,249.622,2025-08-11 12:36:02.565089+00
1754915822,minikube,prometheus-kepler,36.2,2,11,16.49,2717900800,16485085184,16485085184,147.8321,147.8321,18.7272,82.9419,249.5011,2025-08-11 12:37:02.886204+00
1754915882,minikube,prometheus-kepler,35.75,2,11,16.57,2730999808,16485085184,16485085184,147.7835,147.7835,18.7256,82.7225,249.2315,2025-08-11 12:38:03.042756+00
1754915943,minikube,prometheus-kepler,34.53,2,11,16.56,2730508288,16485085184,16485085184,147.7421,147.7421,18.7245,82.522,248.9886,2025-08-11 12:39:03.348671+00
1754916003,minikube,prometheus-kepler,34.42,2,11,16.6,2736246784,16485085184,16485085184,147.7446,147.7446,18.7245,82.5363,249.0053,2025-08-11 12:40:03.430524+00
1754916063,minikube,prometheus-kepler,34.53,2,11,16.4,2703011840,16485085184,16485085184,147.7491,147.7491,18.7245,82.5606,249.0342,2025-08-11 12:41:03.64523+00
1754916123,minikube,prometheus-kepler,34.39,2,11,16.47,2714886144,16485085184,16485085184,147.7325,147.7325,18.724,82.484,248.9404,2025-08-11 12:42:03.857872+00
1754916183,minikube,prometheus-kepler,34.72,2,11,16.52,2722672640,16485085184,16485085184,147.7569,147.7569,18.7246,82.6036,249.0851,2025-08-11 12:43:03.934258+00
1754916243,minikube,prometheus-kepler,33.78,2,11,16.63,2741870592,16485085184,16485085184,147.7258,147.7258,18.7239,82.4469,248.8966,2025-08-11 12:44:04.029382+00
1754916304,minikube,prometheus-kepler,33.21,2,11,16.6,2737262592,16485085184,16485085184,147.708,147.708,18.7229,82.3829,248.8139,2025-08-11 12:45:04.150148+00
1754916364,minikube,prometheus-kepler,32.38,2,11,16.66,2746736640,16485085184,16485085184,147.6899,147.6899,18.7231,82.2677,248.6808,2025-08-11 12:46:04.349786+00
1754916424,minikube,prometheus-kepler,31.88,2,11,16.76,2763354112,16485085184,16485085184,147.6584,147.6584,18.7208,82.1793,248.5585,2025-08-11 12:47:04.441538+00
1754916484,minikube,prometheus-kepler,32.65,2,11,16.83,2774093824,16485085184,16485085184,147.6977,147.6977,18.7231,82.3125,248.7334,2025-08-11 12:48:04.531506+00
1754916544,minikube,prometheus-kepler,31.42,2,11,16.79,2768449536,16485085184,16485085184,147.6672,147.6672,18.7228,82.1455,248.5355,2025-08-11 12:49:04.639039+00
1754916604,minikube,prometheus-kepler,31.33,2,11,16.77,2764083200,16485085184,16485085184,147.6643,147.6643,18.7225,82.1423,248.5291,2025-08-11 12:50:04.753658+00
1754916664,minikube,prometheus-kepler,30.15,2,11,16.62,2739896320,16485085184,16485085184,147.635,147.635,18.7231,81.9398,248.2979,2025-08-11 12:51:04.848535+00
1754916724,minikube,prometheus-kepler,28.71,2,11,16.78,2766897152,16485085184,16485085184,147.5736,147.5736,18.7198,81.714,248.0074,2025-08-11 12:52:05.048263+00
1754916785,minikube,prometheus-kepler,29.52,2,11,16.8,2770128896,16485085184,16485085184,147.6058,147.6058,18.7204,81.881,248.2073,2025-08-11 12:53:05.262155+00
1754916845,minikube,prometheus-kepler,29.48,2,11,16.83,2774536192,16485085184,16485085184,147.6006,147.6006,18.7201,81.8641,248.1848,2025-08-11 12:54:05.446377+00
1754916905,minikube,prometheus-kepler,29.76,2,11,16.71,2754543616,16485085184,16485085184,147.6174,147.6174,18.721,81.9263,248.2647,2025-08-11 12:55:05.533403+00
1754916965,minikube,prometheus-kepler,29.85,2,11,16.76,2762801152,16485085184,16485085184,147.6411,147.6411,18.7218,82.0346,248.3976,2025-08-11 12:56:05.632002+00
1754917025,minikube,prometheus-kepler,29.67,2,11,16.8,2769424384,16485085184,16485085184,147.6321,147.6321,18.7217,81.9831,248.3368,2025-08-11 12:57:05.741776+00
1754917085,minikube,prometheus-kepler,30.11,2,11,16.79,2768248832,16485085184,16485085184,147.6489,147.6489,18.7222,82.0609,248.4321,2025-08-11 12:58:05.805376+00
1754917145,minikube,prometheus-kepler,30.13,2,11,16.7,2752589824,16485085184,16485085184,147.6404,147.6404,18.7217,82.0332,248.3953,2025-08-11 12:59:05.961838+00
1754917205,minikube,prometheus-kepler,30.52,2,11,16.7,2752389120,16485085184,16485085184,147.6347,147.6347,18.7214,82.0138,248.3699,2025-08-11 13:00:06.147095+00
1754917266,minikube,prometheus-kepler,30.71,2,11,16.58,2733035520,16485085184,16485085184,147.6509,147.6509,18.7219,82.0861,248.459,2025-08-11 13:01:06.227229+00
1754917326,minikube,prometheus-kepler,30.54,2,11,16.54,2726879232,16485085184,16485085184,147.6445,147.6445,18.7218,82.0555,248.4217,2025-08-11 13:02:06.340825+00
1754917386,minikube,prometheus-kepler,30.83,2,11,16.53,2724790272,16485085184,16485085184,147.6684,147.6684,18.7224,82.1698,248.5606,2025-08-11 13:03:06.441209+00
1754917446,minikube,prometheus-kepler,30.5,2,11,16.53,2725613568,16485085184,16485085184,147.6539,147.6539,18.7221,82.0981,248.4741,2025-08-11 13:04:06.544519+00
1754917506,minikube,prometheus-kepler,30.26,2,11,16.53,2725347328,16485085184,16485085184,147.6293,147.6293,18.7211,81.9933,248.3437,2025-08-11 13:05:06.636132+00
1754917566,minikube,prometheus-kepler,29.76,2,11,16.56,2729406464,16485085184,16485085184,147.6172,147.6172,18.7207,81.9354,248.2733,2025-08-11 13:06:06.773114+00
1754917626,minikube,prometheus-kepler,29.8,2,11,16.51,2721964032,16485085184,16485085184,147.6094,147.6094,18.7205,81.8958,248.2257,2025-08-11 13:07:06.962146+00
1754917686,minikube,prometheus-kepler,30.06,2,11,16.53,2725203968,16485085184,16485085184,147.6225,147.6225,18.721,81.9557,248.2991,2025-08-11 13:08:07.265833+00
1754917747,minikube,prometheus-kepler,30.14,2,11,16.54,2726592512,16485085184,16485085184,147.6289,147.6289,18.7216,81.9681,248.3186,2025-08-11 13:09:07.439512+00
1754917807,minikube,prometheus-kepler,30.72,2,11,16.57,2731606016,16485085184,16485085184,147.6488,147.6488,18.7221,82.0631,248.434,2025-08-11 13:10:07.55421+00
1754917867,minikube,prometheus-kepler,30.47,2,11,16.6,2736812032,16485085184,16485085184,147.641,147.641,18.722,82.0234,248.3865,2025-08-11 13:11:07.649339+00
1754917927,minikube,prometheus-kepler,30.62,2,11,16.75,2760818688,16485085184,16485085184,147.6455,147.6455,18.7218,82.0577,248.425,2025-08-11 13:12:07.738189+00
1754917987,minikube,prometheus-kepler,30.75,2,11,16.78,2766061568,16485085184,16485085184,147.6541,147.6541,18.7223,82.0859,248.4623,2025-08-11 13:13:07.838954+00
1754918047,minikube,prometheus-kepler,30.34,2,11,16.8,2770296832,16485085184,16485085184,147.6273,147.6273,18.7209,81.9864,248.3347,2025-08-11 13:14:07.928667+00
1754918107,minikube,prometheus-kepler,30.36,2,11,16.85,2778451968,16485085184,16485085184,147.6372,147.6372,18.7215,82.0182,248.377,2025-08-11 13:15:08.038777+00
1754918168,minikube,prometheus-kepler,30.02,2,11,16.9,2786750464,16485085184,16485085184,147.629,147.629,18.7216,81.966,248.3166,2025-08-11 13:16:08.124501+00
1754918228,minikube,prometheus-kepler,30.21,2,11,16.87,2781753344,16485085184,16485085184,147.6322,147.6322,18.7211,82.0072,248.3605,2025-08-11 13:17:08.236511+00
1754918288,minikube,prometheus-kepler,30.86,2,11,16.88,2781900800,16485085184,16485085184,147.6634,147.6634,18.7228,82.1225,248.5087,2025-08-11 13:18:08.319317+00
1754918348,minikube,prometheus-kepler,30.25,2,11,16.74,2759110656,16485085184,16485085184,147.6292,147.6292,18.7212,81.985,248.3353,2025-08-11 13:19:08.432879+00
1754918408,minikube,prometheus-kepler,29.77,2,11,16.82,2773303296,16485085184,16485085184,147.6069,147.6069,18.7205,81.8835,248.2109,2025-08-11 13:20:08.527798+00
1754918468,minikube,prometheus-kepler,28.81,2,11,16.88,2783457280,16485085184,16485085184,147.5798,147.5798,18.72,81.7414,248.0413,2025-08-11 13:21:08.631945+00
1754918528,minikube,prometheus-kepler,27.96,2,11,16.86,2779557888,16485085184,16485085184,147.5516,147.5516,18.7192,81.6118,247.8826,2025-08-11 13:22:08.738023+00
1754918588,minikube,prometheus-kepler,28.39,2,11,16.88,2782314496,16485085184,16485085184,147.5704,147.5704,18.7196,81.7094,247.9994,2025-08-11 13:23:08.83408+00
1754918648,minikube,prometheus-kepler,28.82,2,11,16.83,2774843392,16485085184,16485085184,147.5861,147.5861,18.7201,81.7792,248.0854,2025-08-11 13:24:08.943394+00
1754918708,minikube,prometheus-kepler,29.38,2,11,16.86,2779398144,16485085184,16485085184,147.598,147.598,18.7204,81.8387,248.157,2025-08-11 13:25:08.995771+00
1754918769,minikube,prometheus-kepler,29.72,2,11,16.86,2779975680,16485085184,16485085184,147.6235,147.6235,18.7211,81.9608,248.3054,2025-08-11 13:26:09.134565+00
1754918829,minikube,prometheus-kepler,30.13,2,11,16.74,2758926336,16485085184,16485085184,147.6339,147.6339,18.7215,81.9998,248.3552,2025-08-11 13:27:09.253088+00
1754918889,minikube,prometheus-kepler,30.48,2,11,16.72,2755502080,16485085184,16485085184,147.6423,147.6423,18.7218,82.035,248.3992,2025-08-11 13:28:09.344419+00
1754918949,minikube,prometheus-kepler,30.67,2,11,16.7,2753773568,16485085184,16485085184,147.6511,147.6511,18.7219,82.0872,248.4602,2025-08-11 13:29:09.547812+00
1754919009,minikube,prometheus-kepler,30.84,2,11,16.79,2767417344,16485085184,16485085184,147.6509,147.6509,18.722,82.0807,248.4535,2025-08-11 13:30:09.639088+00
1754919069,minikube,prometheus-kepler,30.92,2,11,16.81,2770829312,16485085184,16485085184,147.6593,147.6593,18.7221,82.1262,248.5077,2025-08-11 13:31:09.748567+00
1754919129,minikube,prometheus-kepler,31.3,2,11,16.8,2768949248,16485085184,16485085184,147.6804,147.6804,18.7227,82.2272,248.6304,2025-08-11 13:32:09.830093+00
1754919189,minikube,prometheus-kepler,31.36,2,11,16.81,2771099648,16485085184,16485085184,147.6807,147.6807,18.7229,82.2236,248.6272,2025-08-11 13:33:09.924702+00
1754919249,minikube,prometheus-kepler,30.45,2,11,16.8,2770149376,16485085184,16485085184,147.6452,147.6452,18.7218,82.0564,248.4234,2025-08-11 13:34:10.141107+00
1754919310,minikube,prometheus-kepler,29.67,2,11,16.86,2778976256,16485085184,16485085184,147.6177,147.6177,18.7211,81.9224,248.2612,2025-08-11 13:35:10.247565+00
1754919370,minikube,prometheus-kepler,28.67,2,11,16.91,2788294656,16485085184,16485085184,147.5806,147.5806,18.7199,81.7498,248.0503,2025-08-11 13:36:10.335368+00
1754919430,minikube,prometheus-kepler,28.82,2,11,16.92,2788982784,16485085184,16485085184,147.5869,147.5869,18.7201,81.7802,248.0872,2025-08-11 13:37:10.438276+00
1754919490,minikube,prometheus-kepler,29.66,2,11,16.93,2790952960,16485085184,16485085184,147.626,147.626,18.7212,81.9671,248.3143,2025-08-11 13:38:10.551711+00
1754919550,minikube,prometheus-kepler,30.49,2,11,16.96,2795405312,16485085184,16485085184,147.6463,147.6463,18.7219,82.0588,248.427,2025-08-11 13:39:10.632784+00
1754919610,minikube,prometheus-kepler,30.83,2,11,16.95,2793783296,16485085184,16485085184,147.6555,147.6555,18.7221,82.1057,248.4833,2025-08-11 13:40:10.728147+00
1754919670,minikube,prometheus-kepler,29.87,2,11,16.96,2796179456,16485085184,16485085184,147.6197,147.6197,18.7211,81.9375,248.2783,2025-08-11 13:41:10.8501+00
1754919730,minikube,prometheus-kepler,29.53,2,11,16.94,2792574976,16485085184,16485085184,147.5982,147.5982,18.7204,81.837,248.1556,2025-08-11 13:42:11.053186+00
1754919791,minikube,prometheus-kepler,29.61,2,11,16.91,2787184640,16485085184,16485085184,147.613,147.613,18.7204,81.9235,248.257,2025-08-11 13:43:11.135404+00
1754919851,minikube,prometheus-kepler,29.6,2,11,16.9,2785501184,16485085184,16485085184,147.6172,147.6172,18.7207,81.9356,248.2736,2025-08-11 13:44:11.253551+00
1754919911,minikube,prometheus-kepler,30.32,2,11,16.93,2790998016,16485085184,16485085184,147.6442,147.6442,18.7219,82.0491,248.4152,2025-08-11 13:45:11.436968+00
1754919971,minikube,prometheus-kepler,30.54,2,11,17.01,2804629504,16485085184,16485085184,147.6446,147.6446,18.7217,82.0584,248.4247,2025-08-11 13:46:11.539397+00
1754920031,minikube,prometheus-kepler,29.86,2,11,17,2802077696,16485085184,16485085184,147.615,147.615,18.7212,81.9009,248.237,2025-08-11 13:47:11.602618+00
1754920091,minikube,prometheus-kepler,29.93,2,11,16.96,2795057152,16485085184,16485085184,147.6223,147.6223,18.7213,81.9388,248.2824,2025-08-11 13:48:11.735604+00
1754920151,minikube,prometheus-kepler,29.17,2,11,16.89,2784772096,16485085184,16485085184,147.5936,147.5936,18.7201,81.8172,248.131,2025-08-11 13:49:11.829489+00
1754920211,minikube,prometheus-kepler,28.36,2,11,16.93,2790580224,16485085184,16485085184,147.5701,147.5701,18.7195,81.705,247.9945,2025-08-11 13:50:11.944799+00
1754920271,minikube,prometheus-kepler,28.21,2,11,16.92,2789314560,16485085184,16485085184,147.5711,147.5711,18.7198,81.6994,247.9903,2025-08-11 13:51:12.021929+00
1754920332,minikube,prometheus-kepler,27.61,2,11,16.85,2778394624,16485085184,16485085184,147.5439,147.5439,18.7188,81.5823,247.845,2025-08-11 13:52:12.336823+00
1754920392,minikube,prometheus-kepler,30.66,2,11,16.74,2760097792,16485085184,16485085184,147.6654,147.6654,18.7223,82.1556,248.5434,2025-08-11 13:53:12.634556+00
1754920452,minikube,prometheus-kepler,37.02,2,11,16.81,2770882560,16485085184,16485085184,147.9124,147.9124,18.7297,83.3101,249.9522,2025-08-11 13:54:13.037949+00
1754920513,minikube,prometheus-kepler,39.01,2,11,16.7,2752397312,16485085184,16485085184,147.9679,147.9679,18.7305,83.6065,250.3049,2025-08-11 13:55:13.129542+00
1754920573,minikube,prometheus-kepler,42.02,2,11,16.78,2766082048,16485085184,16485085184,148.0654,148.0654,18.7335,84.0624,250.8612,2025-08-11 13:56:13.246508+00
1754920633,minikube,prometheus-kepler,41.51,2,11,16.83,2774179840,16485085184,16485085184,148.017,148.017,18.7321,83.8339,250.583,2025-08-11 13:57:13.436523+00
1754920693,minikube,prometheus-kepler,36.35,2,11,16.82,2773127168,16485085184,16485085184,147.8181,147.8181,18.7262,82.9013,249.4456,2025-08-11 13:58:13.510554+00
1754920753,minikube,prometheus-kepler,36.14,2,11,16.78,2765492224,16485085184,16485085184,147.8154,147.8154,18.7267,82.8648,249.4068,2025-08-11 13:59:13.745011+00
1754920813,minikube,prometheus-kepler,35.37,2,11,16.88,2782994432,16485085184,16485085184,147.7818,147.7818,18.7256,82.7094,249.2168,2025-08-11 14:00:13.94631+00
1754920873,minikube,prometheus-kepler,35.62,2,11,16.92,2789449728,16485085184,16485085184,147.8219,147.8219,18.7266,82.904,249.4526,2025-08-11 14:01:14.049658+00
1754920934,minikube,prometheus-kepler,37.24,2,11,17.06,2812096512,16485085184,16485085184,147.8691,147.8691,18.7281,83.1215,249.7187,2025-08-11 14:02:14.114256+00
1754920994,minikube,prometheus-kepler,37.73,2,11,17.03,2806964224,16485085184,16485085184,147.8908,147.8908,18.7283,83.2434,249.8624,2025-08-11 14:03:14.242543+00
1754921054,minikube,prometheus-kepler,37.99,2,11,17.09,2817449984,16485085184,16485085184,147.9081,147.9081,18.7291,83.3104,249.9476,2025-08-11 14:04:14.335581+00
1754921114,minikube,prometheus-kepler,37.52,2,11,17.11,2821066752,16485085184,16485085184,147.8789,147.8789,18.7282,83.1734,249.7805,2025-08-11 14:05:14.539301+00
1754921174,minikube,prometheus-kepler,36.86,2,11,17.14,2825588736,16485085184,16485085184,147.8623,147.8623,18.7276,83.102,249.6919,2025-08-11 14:06:14.73021+00
1754921234,minikube,prometheus-kepler,36.6,2,11,17.01,2804805632,16485085184,16485085184,147.8415,147.8415,18.7273,82.9922,249.561,2025-08-11 14:07:14.952477+00
1754921294,minikube,prometheus-kepler,35.7,2,11,17.06,2811777024,16485085184,16485085184,147.809,147.809,18.7263,82.8417,249.3769,2025-08-11 14:08:15.23832+00
1754921355,minikube,prometheus-kepler,35.25,2,11,16.92,2789908480,16485085184,16485085184,147.7937,147.7937,18.7258,82.7715,249.291,2025-08-11 14:09:15.348178+00
1754921415,minikube,prometheus-kepler,35.58,2,11,17.05,2811252736,16485085184,16485085184,147.8079,147.8079,18.7262,82.8393,249.3734,2025-08-11 14:10:15.449088+00
1754921475,minikube,prometheus-kepler,36.54,2,11,17.11,2820128768,16485085184,16485085184,147.8665,147.8665,18.7278,83.117,249.7113,2025-08-11 14:11:15.730705+00
1754921535,minikube,prometheus-kepler,37.86,2,11,17.13,2824241152,16485085184,16485085184,147.9153,147.9153,18.7292,83.3472,249.9917,2025-08-11 14:12:16.04115+00
1754921596,minikube,prometheus-kepler,38.61,2,11,17.11,2820214784,16485085184,16485085184,147.9325,147.9325,18.7297,83.432,250.0941,2025-08-11 14:13:16.435678+00
1754921656,minikube,prometheus-kepler,41.49,2,11,17.1,2818146304,16485085184,16485085184,148.0404,148.0404,18.7326,83.9506,250.7236,2025-08-11 14:14:16.696347+00
1754921716,minikube,prometheus-kepler,40.41,2,11,17.06,2812223488,16485085184,16485085184,148.0167,148.0167,18.7322,83.8297,250.5786,2025-08-11 14:15:16.834032+00
